Name,Revision,EIN
prd-36236428-00000037,A.1,DTR0021257954.01
prd-36236428-00000060,A.1,DTR0009907094.01
prd-36236428-00000061,A.1,DTR0021153149
prd-36236428-00000062,A.1,DTR0000178062
prd-36236428-00000065,A.1,DTR0000113815
prd-36236428-00000070,A.1,DTR0000184200
prd-36236428-00000071,A.1,DTR0000388911
prd-36236428-00000074,A.1,DTR0021870AC0
prd-36236428-00000078,A.1,DTR002527482Q
prd-36236428-00000087,A.1,DTR0009907845
prd-36236428-00000089,A.1,DTR0009907112
prd-36236428-00000092,A.1,DTR0000036901
prd-36236428-00000094,A.1,DTR0009474332
prd-36236428-00000095,A.1,DTR0009909554
prd-36236428-00000098,A.1,DTR0009907841
prd-36236428-00000112,A.1,DTR0000390068
prd-36236428-00000117,A.1,DTR0009907842
prd-36236428-00000119,A.1,DTR0009907840
prd-36236428-00000124,A.1,DTR0000109059
prd-36236428-00000126,A.1,DTR0009907283
prd-36236428-00000134,A.1,DTR0009907738
prd-36236428-00000143,A.1,DTR0009907740
prd-36236428-00000146,A.1,DTR0000113816
prd-36236428-00000157,A.1,DTR0000259777
prd-36236428-00000159,A.1,DTR0000222454
prd-36236428-00000163,A.1,DTR0009907307
prd-36236428-00000166,A.1,DTR0000388840
prd-36236428-00000168,A.1,DTR0009907302
prd-36236428-00000173,A.1,DTR0009907093
prd-36236428-00000198,A.1,DTR0021153062
prd-36236428-00000203,A.1,DTR0009907739
prd-36236428-00000208,A.1,DTR0009908983
prd-36236428-00000215,A.1,DTR0009907831
prd-36236428-00000223,A.1,DTR0000110557
prd-36236428-00000225,A.1,DTR0000388795
prd-36236428-00000233,A.1,DTR0009907058
prd-36236428-00000238,A.1,DTR0009907295
prd-36236428-00000164,A.1,0880-000008
prd-36236428-00000179,A.1,0550-000077
